える,https://images.microcms-assets.io/assets/5694fd90407444338a64d654e407cc0e/d42ede0830fd40cab274bc483cc5d0ad/liver-face_Elu.png.webp?w=200&fm=webp
静凛,https://images.microcms-assets.io/assets/5694fd90407444338a64d654e407cc0e/3e388baf964c4c4a84b27cd709f86ce4/liver-face_Rin_Shizuka.png.webp?w=200&fm=webp
渋谷ハジメ,https://images.microcms-assets.io/assets/5694fd90407444338a64d654e407cc0e/48d793b718984df8b9f81ade7f0b8a5a/liver-face_Hajime_Shibuya.png.webp?w=200&fm=webp
鈴谷アキ,https://images.microcms-assets.io/assets/5694fd90407444338a64d654e407cc0e/0cb04e2488474c329bb586a3831a8885/liver-face_Aki_Suzuya.png.webp?w=200&fm=webp
月ノ美兎,https://images.microcms-assets.io/assets/5694fd90407444338a64d654e407cc0e/bd287ec9cfb8453da4a32161e4e76ce1/liver-face_Mito_Tsukino.png.webp?w=200&fm=webp
樋口楓,https://images.microcms-assets.io/assets/5694fd90407444338a64d654e407cc0e/a10e6c0587a74e4781e3329c4ae732d6/liver-face_Kaede_Higuchi.png.webp?w=200&fm=webp
モイラ,https://images.microcms-assets.io/assets/5694fd90407444338a64d654e407cc0e/ea9f478820c84208840d248d5c6610d1/liver-face_Moira.png.webp?w=200&fm=webp
勇気ちひろ,https://images.microcms-assets.io/assets/5694fd90407444338a64d654e407cc0e/2142d74256b642758680301a53cb8016/liver-face_Chihiro_Yuki.png.webp?w=200&fm=webp
家長むぎ,https://images.microcms-assets.io/assets/5694fd90407444338a64d654e407cc0e/7a2a96dda3af40afbb54d5e7af2e5955/liver-face_Mugi_Ienaga.png.webp?w=200&fm=webp
宇志海いちご,https://images.microcms-assets.io/assets/5694fd90407444338a64d654e407cc0e/3007bd76572d42f19efd70a1f168ebc4/liver-face_Ichigo_Ushimi.png.webp?w=200&fm=webp
ギルザレン三世(漢数字),https://images.microcms-assets.io/assets/5694fd90407444338a64d654e407cc0e/3fc6b530cfaf442ba090b01bd513fa76/liver-face_Gilzaren_III.png.webp?w=200&fm=webp
剣持刀也,https://images.microcms-assets.io/assets/5694fd90407444338a64d654e407cc0e/fa185ae5b61e4ed2ab59d3858e29229c/liver-face_Toya_Kenmochi.png.webp?w=200&fm=webp
鈴鹿詩子,https://images.microcms-assets.io/assets/5694fd90407444338a64d654e407cc0e/2f2a4b283fbb4825a85c856a63105348/liver-face_Utako_Suzuka.png?w=200&fm=webp
伏見ガク,https://images.microcms-assets.io/assets/5694fd90407444338a64d654e407cc0e/4834edc2a7c9472ea9d6fe4ee43c2a04/liver-face_Gaku_Fushimi.png.webp?w=200&fm=webp
文野環,https://images.microcms-assets.io/assets/5694fd90407444338a64d654e407cc0e/362f946246d049ada0e4e88410ace52e/liver-face_Tamaki_Fumino.png.webp?w=200&fm=webp
物述有栖,https://images.microcms-assets.io/assets/5694fd90407444338a64d654e407cc0e/8b1feefa2107498da11f9c6ec559b415/liver-face_Alice_Mononobe.png.webp?w=200&fm=webp
森中花咲,https://images.microcms-assets.io/assets/5694fd90407444338a64d654e407cc0e/3e3e5fefe79c47fe8bfb9601fd027376/liver-face_Kazaki_Morinaka.png.webp?w=200&fm=webp
夕陽リリ,https://images.microcms-assets.io/assets/5694fd90407444338a64d654e407cc0e/96ceba911b3249b8bc3e4b2a0d0364d8/liver-face_Riri_Yuuhi.png.webp?w=200&fm=webp
赤羽葉子,https://images.microcms-assets.io/assets/5694fd90407444338a64d654e407cc0e/c921440e235d419ab515e49a46ec0648/liver-face_Yoko_Akabane.png?w=200&fm=webp
叶,https://images.microcms-assets.io/assets/5694fd90407444338a64d654e407cc0e/72220bcfdcd94d74bbc870c380b965e9/liver-face_Kanae.png?w=200&fm=webp
安土桃,https://images.microcms-assets.io/assets/5694fd90407444338a64d654e407cc0e/f56076f9a16e4a9eb95185bfcda64eca/liver-face_Momo_Azuchi.png.webp?w=200&fm=webp
卯月コウ,https://images.microcms-assets.io/assets/5694fd90407444338a64d654e407cc0e/af6b8193430741f8b5633a2ffa4ab9dc/liver-face_Kou_Uzuki.png.webp?w=200&fm=webp
シスター・クレア,https://images.microcms-assets.io/assets/5694fd90407444338a64d654e407cc0e/5f52d96e0f2e4c96b33f404269f99e52/liver-face_Sister_Claire.png.webp?w=200&fm=webp
鈴木勝,https://images.microcms-assets.io/assets/5694fd90407444338a64d654e407cc0e/21a992f2a13c450caa01eed8bf092868/liver-face_Masaru_Suzuki.png.webp?w=200&fm=webp
ドーラ,https://images.microcms-assets.io/assets/5694fd90407444338a64d654e407cc0e/2a755bcce89344fbbc50d336af45efd3/liver-face_Dola.png?w=200&fm=webp
轟京子,https://images.microcms-assets.io/assets/5694fd90407444338a64d654e407cc0e/72d24f8d5950414294f799c85542681f/liver-face_Kyoko_Todoroki.png?w=200&fm=webp
花畑チャイカ,https://images.microcms-assets.io/assets/5694fd90407444338a64d654e407cc0e/e7a6cbdcfc9b40ea8ea8be29199becc7/liver-face_Chaika_Hanabatake.png.webp?w=200&fm=webp
社築,https://images.microcms-assets.io/assets/5694fd90407444338a64d654e407cc0e/48ee0022738c455b9df758b6e529908f/liver-face_Kizuku_Yashiro.png.webp?w=200&fm=webp
緑仙,https://images.microcms-assets.io/assets/5694fd90407444338a64d654e407cc0e/18858e4d34dd4d78ab7b1e7b10468786/liver-face_Ryushen.png.webp?w=200&fm=webp
成瀬鳴,https://images.microcms-assets.io/assets/5694fd90407444338a64d654e407cc0e/0a9d62db2d6045e0b84b250587caa994/liver-face_Naru_Naruse.png.webp?w=200&fm=webp
春崎エアル,https://images.microcms-assets.io/assets/5694fd90407444338a64d654e407cc0e/4961a4b80e264badaa2d8bbb699c992e/liver-face_Air_Harusaki.png.webp?w=200&fm=webp
笹木咲,https://images.microcms-assets.io/assets/5694fd90407444338a64d654e407cc0e/cf45532cb7eb45bdb2789b3d3932f596/liver-face_Saku_Sasaki.png.webp?w=200&fm=webp
本間ひまわり,https://images.microcms-assets.io/assets/5694fd90407444338a64d654e407cc0e/977cdefa720e4035b71e580692316190/liver-face_Himawari_Honma.png?w=200&fm=webp
葛葉,https://images.microcms-assets.io/assets/5694fd90407444338a64d654e407cc0e/4562c2e5e5484a1eacedfc2210672961/liver-face_Kuzuha.png.webp?w=200&fm=webp
椎名唯華,https://images.microcms-assets.io/assets/5694fd90407444338a64d654e407cc0e/23ba0b2e138d45f6bdb6b94025377dc2/liver-face_Yuika_Shiina.png.webp?w=200&fm=webp
魔界ノりりむ,https://images.microcms-assets.io/assets/5694fd90407444338a64d654e407cc0e/4cdb61c4fc1545b38996ccb2296fc95a/liver-face_Ririmu_Makaino.png.webp?w=200&fm=webp
飛鳥ひな,https://images.microcms-assets.io/assets/5694fd90407444338a64d654e407cc0e/d6f703f463bd4882abf19872d5897ea4/liver-face_Hina_Asuka.png.webp?w=200&fm=webp
雨森小夜,https://images.microcms-assets.io/assets/5694fd90407444338a64d654e407cc0e/a6e0e401536542db95ed616a038d5d6f/liver-face_Sayo_Amemori.png.webp?w=200&fm=webp
神田笑一,https://images.microcms-assets.io/assets/5694fd90407444338a64d654e407cc0e/54c64c3432ff45e683af0ada04908535/liver-face_Shoichi_Kanda.png.webp?w=200&fm=webp
鷹宮リオン,https://images.microcms-assets.io/assets/5694fd90407444338a64d654e407cc0e/3284cbdeda0e4bd8ad7d5fdfafc4623b/liver-face_Rion_Takamiya.png.webp?w=200&fm=webp
舞元啓介,https://images.microcms-assets.io/assets/5694fd90407444338a64d654e407cc0e/99230b297b5340e7ad6e8e3284cbacc9/liver-face_Keisuke_Maimoto.png.webp?w=200&fm=webp
桜凛月,https://images.microcms-assets.io/assets/5694fd90407444338a64d654e407cc0e/3b53416aa270464f994b3a88f65ec79b/liver-face_Ritsuki_Sakura.png.webp?w=200&fm=webp
ジョー・力一,https://images.microcms-assets.io/assets/5694fd90407444338a64d654e407cc0e/4a3b9b71b6574bed8b6d5c08840ecdbe/liver-face_Joe_Rikiichi.png?w=200&fm=webp
でびでび・でびる,https://images.microcms-assets.io/assets/5694fd90407444338a64d654e407cc0e/04f4ba87b763413da8836997ae3cd4c7/liver-face_Debidebi_Debiru.png.webp?w=200&fm=webp
町田ちま,https://images.microcms-assets.io/assets/5694fd90407444338a64d654e407cc0e/d15ac2c83fed45e4ab3ee37af8842b7e/liver-face_Chima_Machita.png.webp?w=200&fm=webp
竜胆尊,https://images.microcms-assets.io/assets/5694fd90407444338a64d654e407cc0e/1bf138f610fc48dda135b93ab9d93478/liver-face_Mikoto_Rindou.png.webp?w=200&fm=webp
黒井しば,https://images.microcms-assets.io/assets/5694fd90407444338a64d654e407cc0e/63a01a3e31514430b203b973aa97f22e/liver-face_Shiba_Kuroi.png.webp?w=200&fm=webp
ベルモンド・バンデラス,https://images.microcms-assets.io/assets/5694fd90407444338a64d654e407cc0e/af124abd3da043268dc7f59162d6e632/liver-face_Belmond_Banderas.png.webp?w=200&fm=webp
矢車りね,https://images.microcms-assets.io/assets/5694fd90407444338a64d654e407cc0e/ccf8f7fe175b489b80c39d9e5ead414a/liver-face_Rine_Yaguruma.png.webp?w=200&fm=webp
夢追翔,https://images.microcms-assets.io/assets/5694fd90407444338a64d654e407cc0e/a14d762a2d674b599d530083fcd49447/liver-face_Kakeru_Yumeoi.png.webp?w=200&fm=webp
郡道美玲,https://images.microcms-assets.io/assets/5694fd90407444338a64d654e407cc0e/22b3ac25db324f64b3e33eda4d91c52e/liver-face_Mirei_Gundou.png.webp?w=200&fm=webp
夢月ロア,https://images.microcms-assets.io/assets/5694fd90407444338a64d654e407cc0e/dc2fe6896dcd4b77bfb89f60f4a588e8/liver-face_Roa_Yuzuki.png.webp?w=200&fm=webp
小野町春香,https://images.microcms-assets.io/assets/5694fd90407444338a64d654e407cc0e/dbfcc40dc83d4a4e8d978cd9186f541e/liver-face_Haruka_Onomachi.png.webp?w=200&fm=webp
語部紡,https://images.microcms-assets.io/assets/5694fd90407444338a64d654e407cc0e/a3ece7130cf946c69697c7a4105b9a77/liver-face_Tsumugu_Kataribe.png.webp?w=200&fm=webp
瀬戸美夜子,https://images.microcms-assets.io/assets/5694fd90407444338a64d654e407cc0e/7c695a13aff748ef93abf7374975f1fa/liver-face_Miyako_Seto.png.webp?w=200&fm=webp
アンジュ・カトリーナ,https://images.microcms-assets.io/assets/5694fd90407444338a64d654e407cc0e/279d2d9b56364a1b875b8ee0ebd3ee24/liver-face_Ange_Katrina.png.webp?w=200&fm=webp
戌亥とこ,https://images.microcms-assets.io/assets/5694fd90407444338a64d654e407cc0e/3b9d7af58d1d45a99430018982b13582/liver-face_Toko_Inui.png.webp?w=200&fm=webp
リゼ・ヘルエスタ,https://images.microcms-assets.io/assets/5694fd90407444338a64d654e407cc0e/9e0c3de70cdb42febdec341507a00f1a/liver-face_Lize_Helesta.png.webp?w=200&fm=webp
愛園愛美,https://images.microcms-assets.io/assets/5694fd90407444338a64d654e407cc0e/633484b37a654f9bba8f02c1b8bc89fb/liver-face_Manami_Aizono.png.webp?w=200&fm=webp
三枝明那,https://images.microcms-assets.io/assets/5694fd90407444338a64d654e407cc0e/110c847a4d9a4dc389758a66a408370b/liver-face_Akina_Saegusa.png.webp?w=200&fm=webp
雪城眞尋,https://images.microcms-assets.io/assets/5694fd90407444338a64d654e407cc0e/7c7fd0ec82b0465d9bd080097871b72d/liver-face_Mahiro_Yukishiro.png.webp?w=200&fm=webp
エクス・アルビオ,https://images.microcms-assets.io/assets/5694fd90407444338a64d654e407cc0e/623ba1c69fd64308a4eb32efaa4a80d2/liver-face_Ex_Albio.png.webp?w=200&fm=webp
レヴィ・エリファ,https://images.microcms-assets.io/assets/5694fd90407444338a64d654e407cc0e/a2d250273e0f4146990ebac2d5d1ce8d/liver-face_Levi_Elipha.png.webp?w=200&fm=webp
ニュイ・ソシエール,https://images.microcms-assets.io/assets/5694fd90407444338a64d654e407cc0e/6eea7f76beb2466b899441cd3e8ab485/liver-face_Nui_Sociere.png?w=200&fm=webp
葉山舞鈴,https://images.microcms-assets.io/assets/5694fd90407444338a64d654e407cc0e/28d27b1520b8474486d130a38e592d21/liver-face_Marin_Hayama.png?w=200&fm=webp
加賀美ハヤト,https://images.microcms-assets.io/assets/5694fd90407444338a64d654e407cc0e/bdd68c1ff84b40dd848f6db94d2d1a5f/liver-face_Hayato_Kagami.png.webp?w=200&fm=webp
葉加瀬冬雪,https://images.microcms-assets.io/assets/5694fd90407444338a64d654e407cc0e/d6b47778852644eb847749ba06769bb0/liver-face_Fuyuki_Hakase.png.webp?w=200&fm=webp
夜見れな,https://images.microcms-assets.io/assets/5694fd90407444338a64d654e407cc0e/b889e7e0017d42d4986258b934978bc0/liver-face_Rena_Yorumi.png.webp?w=200&fm=webp
相羽ういは,https://images.microcms-assets.io/assets/5694fd90407444338a64d654e407cc0e/14ab356e644448ecabfb4f4dd721550b/liver-face_Uiha_Aiba.png.webp?w=200&fm=webp
アルス・アルマル,https://images.microcms-assets.io/assets/5694fd90407444338a64d654e407cc0e/e97567ac0b2a4009a6dd8f65ad6a9568/liver-face_Ars_Almal.png.webp?w=200&fm=webp
天宮こころ,https://images.microcms-assets.io/assets/5694fd90407444338a64d654e407cc0e/96874bf1074c477198deffe96d64c65e/liver-face_Kokoro_Amamiya.png.webp?w=200&fm=webp
エリー・コニファー,https://images.microcms-assets.io/assets/5694fd90407444338a64d654e407cc0e/40723eda291747c58e4c148334ea95d4/liver-face_Eli_Conifer.png.webp?w=200&fm=webp
ラトナ・プティ,https://images.microcms-assets.io/assets/5694fd90407444338a64d654e407cc0e/5402478d81fa41178a7dc6f6521912f6/liver-face_Ratna_Petit.png.webp?w=200&fm=webp
ゼア　コルネリア,https://images.microcms-assets.io/assets/5694fd90407444338a64d654e407cc0e/e799e0ac78434b16b007faa55b33cd73/liver-face_ZEA_Cornelia.png.webp?w=200&fm=webp
タカ　ラジマン,https://images.microcms-assets.io/assets/5694fd90407444338a64d654e407cc0e/7039c11e2ddb4760b07a055756eb7177/liver-face_Taka_Radjiman.png.webp?w=200&fm=webp
ハナ　マキア,https://images.microcms-assets.io/assets/5694fd90407444338a64d654e407cc0e/ec9fd692a58c43e0adaed8e800709d32/liver-face_Hana_Macchia.png.webp?w=200&fm=webp
シェリン・バーガンディ,https://images.microcms-assets.io/assets/5694fd90407444338a64d654e407cc0e/9be70f7ce3534a908efce63118bb7fef/liver-face_Shellin_Burgundy.png.webp?w=200&fm=webp
健屋花那,https://images.microcms-assets.io/assets/5694fd90407444338a64d654e407cc0e/5b67649f6b7b4d84af278e4cce9532c9/liver-face_Kana_Sukoya.png.webp?w=200&fm=webp
早瀬走,https://images.microcms-assets.io/assets/5694fd90407444338a64d654e407cc0e/79033e0bc6ef4db3b4d24abde3fddcc9/liver-face_Sou_Hayase.png.webp?w=200&fm=webp
フミ,https://images.microcms-assets.io/assets/5694fd90407444338a64d654e407cc0e/2aecf7a5282e4a349ead29f8f8e525f1/liver-face_Fumi.png.webp?w=200&fm=webp
星川サラ,https://images.microcms-assets.io/assets/5694fd90407444338a64d654e407cc0e/ebb66fde318b469a8ef5bff61312730a/liver-face_Sara_Hoshikawa.png.webp?w=200&fm=webp
山神カルタ,https://images.microcms-assets.io/assets/5694fd90407444338a64d654e407cc0e/6792575977e64aa789a746e9b8e83607/liver-face_Karuta_Yamagami.png.webp?w=200&fm=webp
えま★おうがすと,https://images.microcms-assets.io/assets/5694fd90407444338a64d654e407cc0e/b50f5eec5ede436eb3e77dec233e037d/liver-face_Emma_August.png?w=200&fm=webp
魔使マオ,https://images.microcms-assets.io/assets/5694fd90407444338a64d654e407cc0e/20132e85ba3e478fbc5bc728919f7138/liver-face_Mao_Matsukai.png.webp?w=200&fm=webp
ルイス・キャミー,https://images.microcms-assets.io/assets/5694fd90407444338a64d654e407cc0e/abb65a9fb62b41c0be270a0b6dcfbf7f/liver-face_Luis_Cammy.png?w=200&fm=webp
グウェル・オス・ガール,https://images.microcms-assets.io/assets/5694fd90407444338a64d654e407cc0e/5cc7437fcee74c548c1ec390bf6099de/liver-face_Gwelu_Os_Gar.png.webp?w=200&fm=webp
白雪巴,https://images.microcms-assets.io/assets/5694fd90407444338a64d654e407cc0e/5d71ab4e46c64529814fdc0635499d87/liver-face_Tomoe_Shirayuki.png.webp?w=200&fm=webp
不破湊,https://images.microcms-assets.io/assets/5694fd90407444338a64d654e407cc0e/4b3624d691304879ac020c6ada8c7856/liver-face_Minato_Fuwa.png.webp?w=200&fm=webp
アミシア　ミシェラ,https://images.microcms-assets.io/assets/5694fd90407444338a64d654e407cc0e/c895e26832a64fdd9316d42fe86092f3/liver-face_Amicia_Michella.png.webp?w=200&fm=webp
ライ　ガリレイ,https://images.microcms-assets.io/assets/5694fd90407444338a64d654e407cc0e/f8223e6b3b4441bb81ecaf85512b33ca/liver-face_Rai_Galilei.png.webp?w=200&fm=webp
リクサ　ディレンドラ,https://images.microcms-assets.io/assets/5694fd90407444338a64d654e407cc0e/6cc1cef8af93491b9964d8482a09d51f/liver-face_Riksa_Dhirendra.png.webp?w=200&fm=webp
来栖夏芽,https://images.microcms-assets.io/assets/5694fd90407444338a64d654e407cc0e/ef419dca96cd46af9511ee6393562dfe/liver-face_Natsume_Kurusu.png.webp?w=200&fm=webp
奈羅花,https://images.microcms-assets.io/assets/5694fd90407444338a64d654e407cc0e/88b4af31d373476cb7dfaa5701147aa7/liver-face_Naraka.png?w=200&fm=webp
ましろメメ,https://images.microcms-assets.io/assets/5694fd90407444338a64d654e407cc0e/df5827d29d5a4bc38b0b8bb8bc79c1e2/liver-face_Meme_Mashiro.png.webp?w=200&fm=webp
ガオン,https://images.microcms-assets.io/assets/5694fd90407444338a64d654e407cc0e/bd8bd25848ed4a7cb4ec4fd3044db810/liver-face_Gaon.png.webp?w=200&fm=webp
ミン　スゥーハ,https://images.microcms-assets.io/assets/5694fd90407444338a64d654e407cc0e/5e8e5c93e7fe4d3eb30b14ffe6581ef0/liver-face_Suha_Min.png.webp?w=200&fm=webp
イブラヒム,https://images.microcms-assets.io/assets/5694fd90407444338a64d654e407cc0e/11f9f389aa474928877ea649295d1721/liver-face_Ibrahim.png.webp?w=200&fm=webp
フレン・E・ルスタリオ,https://images.microcms-assets.io/assets/5694fd90407444338a64d654e407cc0e/217a9552d9544da2997dd017ac95b0ac/liver-face_Furen_E_Lustario.png.webp?w=200&fm=webp
アズラ　セシリア,https://images.microcms-assets.io/assets/5694fd90407444338a64d654e407cc0e/871c5c3f3ba341cab0a918081f361923/liver-face_Azura_Cecillia.png.webp?w=200&fm=webp
ナラ　ハラマウン,https://images.microcms-assets.io/assets/5694fd90407444338a64d654e407cc0e/f5411415bca94451ba6b44ea43db34dc/liver-face_Nara_Haramaung.png?w=200&fm=webp
ライラ　アルストロメリア,https://images.microcms-assets.io/assets/5694fd90407444338a64d654e407cc0e/6aacb7c7f40c4d558b3384a026f55402/liver-face_Layla_Alstroemeria.png.webp?w=200&fm=webp
甲斐田晴,https://images.microcms-assets.io/assets/5694fd90407444338a64d654e407cc0e/f5ac57e32d534ade918207d631b43b63/liver-face_Haru_Kaida.png.webp?w=200&fm=webp
弦月籐士郎,https://images.microcms-assets.io/assets/5694fd90407444338a64d654e407cc0e/ee4d153e3ebd4dc8aa7a2d1af6b65a3e/liver-face_Tojiro_Genzuki.png?w=200&fm=webp
長尾景,https://images.microcms-assets.io/assets/5694fd90407444338a64d654e407cc0e/883ad7825d6141f1beb2f50b0a79f542/liver-face_Kei_Nagao.png?w=200&fm=webp
ソ　ナギ,https://images.microcms-assets.io/assets/5694fd90407444338a64d654e407cc0e/2a11c3b58b16417080e1f408585d4783/liver-face_So_Nagi.png?w=200&fm=webp
空星きらめ,https://images.microcms-assets.io/assets/5694fd90407444338a64d654e407cc0e/61254e647cfb4edea5bb19a5f1ec90d7/liver-face_Kirame_Sorahoshi.png.webp?w=200&fm=webp
朝日南アカネ,https://images.microcms-assets.io/assets/5694fd90407444338a64d654e407cc0e/5edd18a0f48d4d40bf2c4b2e8695b247/liver-face_Akane_Asahina.png.webp?w=200&fm=webp
北小路ヒスイ,https://images.microcms-assets.io/assets/5694fd90407444338a64d654e407cc0e/6c1067681ea1477a9d8f943c9e8de07c/liver-face_Hisui_Kitakoji.png.webp?w=200&fm=webp
周央サンゴ,https://images.microcms-assets.io/assets/5694fd90407444338a64d654e407cc0e/492af0af690548d8b32f016bdeed39db/liver-face_Sango_Suo.png.webp?w=200&fm=webp
東堂コハク,https://images.microcms-assets.io/assets/5694fd90407444338a64d654e407cc0e/4c6791bb45cc4c5087eb2ce96a63fa9a/liver-face_Kohaku_Todo.png.webp?w=200&fm=webp
西園チグサ,https://images.microcms-assets.io/assets/5694fd90407444338a64d654e407cc0e/63c5cc2c1c0546a6a8ea0617c182b849/liver-face_Chigusa_Nishizono.png.webp?w=200&fm=webp
明楽レイ,https://images.microcms-assets.io/assets/5694fd90407444338a64d654e407cc0e/353657a3d45540098b20eff2112308be/liver-face_Ray_Akira.png.webp?w=200&fm=webp
イ　ロハ,https://images.microcms-assets.io/assets/5694fd90407444338a64d654e407cc0e/dffa2ffd172a4d969831bd951c037192/liver-face_Roha_Lee.png.webp?w=200&fm=webp
エトナ　クリムソン,https://images.microcms-assets.io/assets/5694fd90407444338a64d654e407cc0e/4e21d893925f4f92a2730c28c71b49dd/liver-face_Etna_Crimson.png.webp?w=200&fm=webp
シスカ　レオンタイン,https://images.microcms-assets.io/assets/5694fd90407444338a64d654e407cc0e/7f5380dc282646f4bbd728335281f9fd/liver-face_Siska_Leontyne.png.webp?w=200&fm=webp
ボンニフィエール　プラジャナ,https://images.microcms-assets.io/assets/5694fd90407444338a64d654e407cc0e/73f0f0583ea2448c993fe1681032ac81/liver-face_Bonnivier_Pranaja.png.webp?w=200&fm=webp
オ　ジユ,https://images.microcms-assets.io/assets/5694fd90407444338a64d654e407cc0e/e738023c6a744910b52baee0f2b4fcb3/liver-face_Jiyu_Oh.png.webp?w=200&fm=webp
ヤン　ナリ,https://images.microcms-assets.io/assets/5694fd90407444338a64d654e407cc0e/aafac3ee207e439aa4a736c230fac310/liver-face_Yang_Nari.png.webp?w=200&fm=webp
リュ　ハリ,https://images.microcms-assets.io/assets/5694fd90407444338a64d654e407cc0e/07ac1f96aa024d99addc251cec709635/liver-face_Hari_Ryu.png.webp?w=200&fm=webp
デレム　カド,https://images.microcms-assets.io/assets/5694fd90407444338a64d654e407cc0e/dd96bf7da87140e0933208d93a664cec/liver-face_Derem_Kado.png?w=200&fm=webp
ナギサ　アルシニア,https://images.microcms-assets.io/assets/5694fd90407444338a64d654e407cc0e/3cf844c4212f463fa512c1c6c27a02fd/liver-face_Nagisa_Arcinia.png.webp?w=200&fm=webp
レザ　アファンルナ,https://images.microcms-assets.io/assets/5694fd90407444338a64d654e407cc0e/42a9f63983a4451d86afadef7d814866/liver-face_Reza_Avanluna.png.webp?w=200&fm=webp
セフィナ,https://images.microcms-assets.io/assets/5694fd90407444338a64d654e407cc0e/1f25fb2687b34a9b8253539a85cc594c/liver-face_Seffyna.png?w=200&fm=webp
バン　ハダ,https://images.microcms-assets.io/assets/5694fd90407444338a64d654e407cc0e/09470f89f1f242268303140ded1c2812/liver-face_Ban_Hada.png.webp?w=200&fm=webp
オリバー・エバンス,https://images.microcms-assets.io/assets/5694fd90407444338a64d654e407cc0e/aa349b8a26634ccebef9c87c5bc1522c/liver-face_Oliver_Evans.png.webp?w=200&fm=webp
レイン・パターソン,https://images.microcms-assets.io/assets/5694fd90407444338a64d654e407cc0e/da6c50863a1247ff92ab8246d88a4145/liver-face_Lain_Paterson.png.webp?w=200&fm=webp
レオス・ヴィンセント,https://images.microcms-assets.io/assets/5694fd90407444338a64d654e407cc0e/fc61ee728a9949a4936c89be4a922e7c/liver-face_Leos_Vincent.png.webp?w=200&fm=webp
ローレン・イロアス,https://images.microcms-assets.io/assets/5694fd90407444338a64d654e407cc0e/95a26c216fc74d4d8c3a30448bc4c687/liver-face_Lauren_Iroas.png?w=200&fm=webp
シア　エカフィラ,https://images.microcms-assets.io/assets/5694fd90407444338a64d654e407cc0e/60c94c83290249c784361d99a955ccc4/liver-face_Xia_Ekavira.png.webp?w=200&fm=webp
ヒョナ　エラティオラ,https://images.microcms-assets.io/assets/5694fd90407444338a64d654e407cc0e/d29a24f9c203445fa8f9d73da4bda1bc/liver-face_Hyona_Elatiora.png.webp?w=200&fm=webp
ミカ　メラティカ,https://images.microcms-assets.io/assets/5694fd90407444338a64d654e407cc0e/b07df69d69774c5e9917bdf27b6927a2/liver-face_Mika_Melatika.png.webp?w=200&fm=webp
ナ　セラ,https://images.microcms-assets.io/assets/5694fd90407444338a64d654e407cc0e/a1edcd08a38947fd97f86cd356ac0d29/liver-face_Na_Sera.png.webp?w=200&fm=webp
ハ　ユン,https://images.microcms-assets.io/assets/5694fd90407444338a64d654e407cc0e/4a89b0fe3c2a42d1912d6f053a766264/liver-face_Ha_Yun.png?w=200&fm=webp
天ヶ瀬むゆ,https://images.microcms-assets.io/assets/5694fd90407444338a64d654e407cc0e/93ac3fe993a4417987e983c31c972da8/liver-face_Muyu_Amagase.png.webp?w=200&fm=webp
先斗寧,https://images.microcms-assets.io/assets/5694fd90407444338a64d654e407cc0e/6454685bb13e4777b335dbbe06ef7f0d/liver-face_Nei_Ponto.png?w=200&fm=webp
海妹四葉,https://images.microcms-assets.io/assets/5694fd90407444338a64d654e407cc0e/a4633f90873b4427843f95ee84970b8a/liver-face_Yotsuha_Umise.png.webp?w=200&fm=webp
壱百満天原サロメ,https://images.microcms-assets.io/assets/5694fd90407444338a64d654e407cc0e/58a505029c69440699d4e44416bba57d/liver-face_Salome_Hyakumantenbara.png.webp?w=200&fm=webp
四季凪アキラ,https://images.microcms-assets.io/assets/5694fd90407444338a64d654e407cc0e/de2e34f9584544fe882846f24947226e/liver-face_Akira_Shikinagi.png.webp?w=200&fm=webp
セラフ・ダズルガーデン,https://images.microcms-assets.io/assets/5694fd90407444338a64d654e407cc0e/42fb181000564635aab64bb7cbedb886/liver-face_Seraph_Dazzlegarden.png.webp?w=200&fm=webp
風楽奏斗,https://images.microcms-assets.io/assets/5694fd90407444338a64d654e407cc0e/b0151287da7d40e4b3d80ce499838785/liver-face_Kanato_Fura.png.webp?w=200&fm=webp
渡会雲雀,https://images.microcms-assets.io/assets/5694fd90407444338a64d654e407cc0e/65aa007678984a8ea3ff49da2c5f3260/liver-face_Hibari_Watarai.png.webp?w=200&fm=webp
五十嵐梨花,https://images.microcms-assets.io/assets/5694fd90407444338a64d654e407cc0e/a5dc528f536b4c7eaf06fadca75013d8/liver-face_Rika_Igarashi.png?w=200&fm=webp
石神のぞみ,https://images.microcms-assets.io/assets/5694fd90407444338a64d654e407cc0e/e1a09f9b02084889a165541da18a6c14/liver-face_Nozomi_Ishigami.png?w=200&fm=webp
鏑木ろこ,https://images.microcms-assets.io/assets/5694fd90407444338a64d654e407cc0e/d9027b785b424348be76ba4c3e77910b/liver-face_Roko_Kaburaki.png?w=200&fm=webp
倉持めると,https://images.microcms-assets.io/assets/5694fd90407444338a64d654e407cc0e/b86ae7e1df484eae828543bead16b172/liver-face_Meruto_Kuramochi.png?w=200&fm=webp
小清水透,https://images.microcms-assets.io/assets/5694fd90407444338a64d654e407cc0e/c88d4f216c924afd9322b879f4b2a2da/liver-face_Toru_Koshimizu.png?w=200&fm=webp
獅子堂あかり,https://images.microcms-assets.io/assets/5694fd90407444338a64d654e407cc0e/e44d14200fec437eb35361aab7e29e76/liver-face_Akari_Shishido.png?w=200&fm=webp
ソフィア・ヴァレンタイン,https://images.microcms-assets.io/assets/5694fd90407444338a64d654e407cc0e/6489a08fe04c4bfc9e77e652f664ac66/liver-face_Sophia_Valentine.png?w=200&fm=webp
赤城ウェン,https://images.microcms-assets.io/assets/5694fd90407444338a64d654e407cc0e/d35a7ec3da38468c8830eaf9f0a51c4c/liver-face_Wen_Akagi.png?w=200&fm=webp
宇佐美リト,https://images.microcms-assets.io/assets/5694fd90407444338a64d654e407cc0e/b7b9c49fc81440efb0b3fbf29faad4ce/liver-face_Rito_Usami.png?w=200&fm=webp
佐伯イッテツ,https://images.microcms-assets.io/assets/5694fd90407444338a64d654e407cc0e/36b63b547d2a4facad876cc40f0736a0/liver-face_Ittetsu_Saiki.png?w=200&fm=webp
緋八マナ,https://images.microcms-assets.io/assets/5694fd90407444338a64d654e407cc0e/c1a94fff322a4796833eca994d9d0bf5/liver-face_Mana_Hibachi.png?w=200&fm=webp
伊波ライ,https://images.microcms-assets.io/assets/5694fd90407444338a64d654e407cc0e/973bfc8387b84ff7b8d58879d75fcb02/liver-face_Rai_Inami.png?w=200&fm=webp
小柳ロウ,https://images.microcms-assets.io/assets/5694fd90407444338a64d654e407cc0e/2222cb2866fe4f3b9c85a45f3689fe53/liver-face_Rou_Koyanagi.png?w=200&fm=webp
星導ショウ,https://images.microcms-assets.io/assets/5694fd90407444338a64d654e407cc0e/4b2b45a06a2a49e3b6c6835087ecc1b2/liver-face_Sho_Hoshirube.png?w=200&fm=webp
叢雲カゲツ,https://images.microcms-assets.io/assets/5694fd90407444338a64d654e407cc0e/44eb7fa3087b480dad1ae245db21952e/liver-face_Kagetsu_Murakumo.png?w=200&fm=webp
エリーラ　ペンドラ,https://images.microcms-assets.io/assets/5694fd90407444338a64d654e407cc0e/3b0f859e100e419aa179bc9def264714/liver-face_Elira_Pendora.png.webp?w=200&fm=webp
フィナーナ竜宮,https://images.microcms-assets.io/assets/5694fd90407444338a64d654e407cc0e/825b3215dd994a998e00c8efcecf49ce/liver-face_Finana_Ryugu.png.webp?w=200&fm=webp
ぽむ　れいんぱふ,https://images.microcms-assets.io/assets/5694fd90407444338a64d654e407cc0e/c106f2c1175f42e4a8531b116dd67c31/liver-face_Pomu_Rainpuff.png.webp?w=200&fm=webp
ペトラ　グリン,https://images.microcms-assets.io/assets/5694fd90407444338a64d654e407cc0e/c11417fb94b04f27aaca9a698861286e/liver-face_Petra_Gurin.png.webp?w=200&fm=webp
ロゼミ　ラブロック,https://images.microcms-assets.io/assets/5694fd90407444338a64d654e407cc0e/018669b1ff914bdd8fd6999b765a93ac/liver-face_Rosemi_Lovelock.png.webp?w=200&fm=webp
セレン龍月,https://images.microcms-assets.io/assets/5694fd90407444338a64d654e407cc0e/8f0fc554c54d49e9a324b6b63c5fc114/liver-face_Selen_Tatsuki.png.webp?w=200&fm=webp
エナー・アールウェット,https://images.microcms-assets.io/assets/5694fd90407444338a64d654e407cc0e/0a0aec871e504f5c9eab69144afcd447/liver-face_Enna_Alouette.png.webp?w=200&fm=webp
ミリー・パフェ,https://images.microcms-assets.io/assets/5694fd90407444338a64d654e407cc0e/fdf4cecc8af14d99a1d2c9f6acd4a6cb/liver-face_Millie_Parfait.png.webp?w=200&fm=webp
狐坂ニナ,https://images.microcms-assets.io/assets/5694fd90407444338a64d654e407cc0e/ff9239f876014544af389a93f5dbe529/liver-face_Nina_Kosaka.png.webp?w=200&fm=webp
遠藤霊夢,https://images.microcms-assets.io/assets/5694fd90407444338a64d654e407cc0e/895413d8e46a454098cf5f2fc7fc0a15/liver-face_Reimu_Endou.png?w=200&fm=webp
アイク・イーヴランド,https://images.microcms-assets.io/assets/5694fd90407444338a64d654e407cc0e/dab2166fcd554f2696706800c880bcea/liver-face_Ike_Eveland.png?w=200&fm=webp
ルカ・カネシロ,https://images.microcms-assets.io/assets/5694fd90407444338a64d654e407cc0e/a69e253aceeb4ea2aad124963263d1f3/liver-face_Luca_Kaneshiro.png.webp?w=200&fm=webp
ミスタ・リアス,https://images.microcms-assets.io/assets/5694fd90407444338a64d654e407cc0e/71dada0ea7e2423e872fbe85feb3f35f/liver-face_Mysta_Rias.png.webp?w=200&fm=webp
闇ノシュウ,https://images.microcms-assets.io/assets/5694fd90407444338a64d654e407cc0e/57f8266ce45a4ace95f272c19e032413/liver-face_ShuYamino.png.webp?w=200&fm=webp
ヴォックス・アクマ,https://images.microcms-assets.io/assets/5694fd90407444338a64d654e407cc0e/75bce98aa25943518ae8b1d42ec3dd5d/liver-face_Vox_Akuma.png.webp?w=200&fm=webp
アルバーン・ノックス,https://images.microcms-assets.io/assets/5694fd90407444338a64d654e407cc0e/b55c850f56474b81876f9a678640ce52/liver-face_Alban_Knox.png.webp?w=200&fm=webp
ファルガー・オーヴィド,https://images.microcms-assets.io/assets/5694fd90407444338a64d654e407cc0e/2121341238014ed5a4a6793277075b13/liver-face_Fulgur_Ovid.png.webp?w=200&fm=webp
サニー・ブリスコー,https://images.microcms-assets.io/assets/5694fd90407444338a64d654e407cc0e/7951b32b19244128a2379a53fb8a9493/liver-face_Sonny_Brisko.png.webp?w=200&fm=webp
浮奇・ヴィオレタ,https://images.microcms-assets.io/assets/5694fd90407444338a64d654e407cc0e/44d1be4dbb9448e6b39f6e3d0ad33593/liver-face_Uki_Violeta.png.webp?w=200&fm=webp
アイア　アマレ,https://images.microcms-assets.io/assets/5694fd90407444338a64d654e407cc0e/277243c23e434832abb4d2eb80db5ad9/liver-face_Aia_Amare.png.webp?w=200&fm=webp
アスター　アルカディア,https://images.microcms-assets.io/assets/5694fd90407444338a64d654e407cc0e/8fc8c807100f422dbdc7c3df9a42fac3/liver-face_Aster_Arcadia.png.webp?w=200&fm=webp
金子　鏡,https://images.microcms-assets.io/assets/5694fd90407444338a64d654e407cc0e/bd7ddefe976c41f1bf385e10552fc012/liver-face_Kyo_Kaneko.webp?w=200&fm=webp
マリア　マリオネット,https://images.microcms-assets.io/assets/5694fd90407444338a64d654e407cc0e/e4d32f8f3a9e4efc852950d38ea4ba57/liver-face_Maria_Marionette.png.webp?w=200&fm=webp
レン　ゾット,https://images.microcms-assets.io/assets/5694fd90407444338a64d654e407cc0e/deca5e8685ed481f8a618df234e5408c/liver-face_Ren_Zotto.png.webp?w=200&fm=webp
スカーレ　ヨナグニ,https://images.microcms-assets.io/assets/5694fd90407444338a64d654e407cc0e/a410b878c4f64e9a9d1577097e3e56d9/liver-face_Scarle_Yonaguni.png.webp?w=200&fm=webp
ドッピオ　ドロップサイト,https://images.microcms-assets.io/assets/5694fd90407444338a64d654e407cc0e/44d559377a9649ddb85df12fcab6421e/liver-face_Doppio_Dropscythe.png?w=200&fm=webp
ヘックス　ヘイワイヤー,https://images.microcms-assets.io/assets/5694fd90407444338a64d654e407cc0e/e7b131b2eb72422682369263351a79a1/liver-face_Hex_Haywire.png?w=200&fm=webp
虎姫　コトカ,https://images.microcms-assets.io/assets/5694fd90407444338a64d654e407cc0e/903442f9396f4bdda4ff75d11a7946e4/liver-face_Kotoka%20Torahime.png?w=200&fm=webp
共蘭　メロコ,https://images.microcms-assets.io/assets/5694fd90407444338a64d654e407cc0e/51ec419d0e4f4843a5a2385d908dcff8/liver-face_Meloco_Kyoran.png?w=200&fm=webp
ヴェール　ヴァーミリオン,https://images.microcms-assets.io/assets/5694fd90407444338a64d654e407cc0e/f0b609dfe4e84993ba2960c8c7fca9f5/liver-face_Ver_Vermillion.png?w=200&fm=webp