エリーラ　ペンドラ,https://images.microcms-assets.io/assets/5694fd90407444338a64d654e407cc0e/3b0f859e100e419aa179bc9def264714/liver-face_Elira_Pendora.png.webp?w=200&fm=webp
フィナーナ竜宮,https://images.microcms-assets.io/assets/5694fd90407444338a64d654e407cc0e/825b3215dd994a998e00c8efcecf49ce/liver-face_Finana_Ryugu.png.webp?w=200&fm=webp
ぽむ　れいんぱふ,https://images.microcms-assets.io/assets/5694fd90407444338a64d654e407cc0e/c106f2c1175f42e4a8531b116dd67c31/liver-face_Pomu_Rainpuff.png.webp?w=200&fm=webp
ペトラ　グリン,https://images.microcms-assets.io/assets/5694fd90407444338a64d654e407cc0e/c11417fb94b04f27aaca9a698861286e/liver-face_Petra_Gurin.png.webp?w=200&fm=webp
ロゼミ　ラブロック,https://images.microcms-assets.io/assets/5694fd90407444338a64d654e407cc0e/018669b1ff914bdd8fd6999b765a93ac/liver-face_Rosemi_Lovelock.png.webp?w=200&fm=webp
セレン龍月,https://images.microcms-assets.io/assets/5694fd90407444338a64d654e407cc0e/8f0fc554c54d49e9a324b6b63c5fc114/liver-face_Selen_Tatsuki.png.webp?w=200&fm=webp
エナー・アールウェット,https://images.microcms-assets.io/assets/5694fd90407444338a64d654e407cc0e/0a0aec871e504f5c9eab69144afcd447/liver-face_Enna_Alouette.png.webp?w=200&fm=webp
ミリー・パフェ,https://images.microcms-assets.io/assets/5694fd90407444338a64d654e407cc0e/fdf4cecc8af14d99a1d2c9f6acd4a6cb/liver-face_Millie_Parfait.png.webp?w=200&fm=webp
狐坂ニナ,https://images.microcms-assets.io/assets/5694fd90407444338a64d654e407cc0e/ff9239f876014544af389a93f5dbe529/liver-face_Nina_Kosaka.png.webp?w=200&fm=webp
遠藤霊夢,https://images.microcms-assets.io/assets/5694fd90407444338a64d654e407cc0e/895413d8e46a454098cf5f2fc7fc0a15/liver-face_Reimu_Endou.png?w=200&fm=webp
アイク・イーヴランド,https://images.microcms-assets.io/assets/5694fd90407444338a64d654e407cc0e/dab2166fcd554f2696706800c880bcea/liver-face_Ike_Eveland.png?w=200&fm=webp
ルカ・カネシロ,https://images.microcms-assets.io/assets/5694fd90407444338a64d654e407cc0e/a69e253aceeb4ea2aad124963263d1f3/liver-face_Luca_Kaneshiro.png.webp?w=200&fm=webp
ミスタ・リアス,https://images.microcms-assets.io/assets/5694fd90407444338a64d654e407cc0e/71dada0ea7e2423e872fbe85feb3f35f/liver-face_Mysta_Rias.png.webp?w=200&fm=webp
闇ノシュウ,https://images.microcms-assets.io/assets/5694fd90407444338a64d654e407cc0e/57f8266ce45a4ace95f272c19e032413/liver-face_ShuYamino.png.webp?w=200&fm=webp
ヴォックス・アクマ,https://images.microcms-assets.io/assets/5694fd90407444338a64d654e407cc0e/75bce98aa25943518ae8b1d42ec3dd5d/liver-face_Vox_Akuma.png.webp?w=200&fm=webp
アルバーン・ノックス,https://images.microcms-assets.io/assets/5694fd90407444338a64d654e407cc0e/b55c850f56474b81876f9a678640ce52/liver-face_Alban_Knox.png.webp?w=200&fm=webp
ファルガー・オーヴィド,https://images.microcms-assets.io/assets/5694fd90407444338a64d654e407cc0e/2121341238014ed5a4a6793277075b13/liver-face_Fulgur_Ovid.png.webp?w=200&fm=webp
サニー・ブリスコー,https://images.microcms-assets.io/assets/5694fd90407444338a64d654e407cc0e/7951b32b19244128a2379a53fb8a9493/liver-face_Sonny_Brisko.png.webp?w=200&fm=webp
浮奇・ヴィオレタ,https://images.microcms-assets.io/assets/5694fd90407444338a64d654e407cc0e/44d1be4dbb9448e6b39f6e3d0ad33593/liver-face_Uki_Violeta.png.webp?w=200&fm=webp
アイア　アマレ,https://images.microcms-assets.io/assets/5694fd90407444338a64d654e407cc0e/277243c23e434832abb4d2eb80db5ad9/liver-face_Aia_Amare.png.webp?w=200&fm=webp
アスター　アルカディア,https://images.microcms-assets.io/assets/5694fd90407444338a64d654e407cc0e/8fc8c807100f422dbdc7c3df9a42fac3/liver-face_Aster_Arcadia.png.webp?w=200&fm=webp
金子　鏡,https://images.microcms-assets.io/assets/5694fd90407444338a64d654e407cc0e/bd7ddefe976c41f1bf385e10552fc012/liver-face_Kyo_Kaneko.webp?w=200&fm=webp
マリア　マリオネット,https://images.microcms-assets.io/assets/5694fd90407444338a64d654e407cc0e/e4d32f8f3a9e4efc852950d38ea4ba57/liver-face_Maria_Marionette.png.webp?w=200&fm=webp
レン　ゾット,https://images.microcms-assets.io/assets/5694fd90407444338a64d654e407cc0e/deca5e8685ed481f8a618df234e5408c/liver-face_Ren_Zotto.png.webp?w=200&fm=webp
スカーレ　ヨナグニ,https://images.microcms-assets.io/assets/5694fd90407444338a64d654e407cc0e/a410b878c4f64e9a9d1577097e3e56d9/liver-face_Scarle_Yonaguni.png.webp?w=200&fm=webp
ドッピオ　ドロップサイト,https://images.microcms-assets.io/assets/5694fd90407444338a64d654e407cc0e/44d559377a9649ddb85df12fcab6421e/liver-face_Doppio_Dropscythe.png?w=200&fm=webp
ヘックス　ヘイワイヤー,https://images.microcms-assets.io/assets/5694fd90407444338a64d654e407cc0e/e7b131b2eb72422682369263351a79a1/liver-face_Hex_Haywire.png?w=200&fm=webp
虎姫　コトカ,https://images.microcms-assets.io/assets/5694fd90407444338a64d654e407cc0e/903442f9396f4bdda4ff75d11a7946e4/liver-face_Kotoka%20Torahime.png?w=200&fm=webp
共蘭　メロコ,https://images.microcms-assets.io/assets/5694fd90407444338a64d654e407cc0e/51ec419d0e4f4843a5a2385d908dcff8/liver-face_Meloco_Kyoran.png?w=200&fm=webp
ヴェール　ヴァーミリオン,https://images.microcms-assets.io/assets/5694fd90407444338a64d654e407cc0e/f0b609dfe4e84993ba2960c8c7fca9f5/liver-face_Ver_Vermillion.png?w=200&fm=webp