ガオン,https://images.microcms-assets.io/assets/5694fd90407444338a64d654e407cc0e/bd8bd25848ed4a7cb4ec4fd3044db810/liver-face_Gaon.png.webp?w=200&fm=webp
ミン　スゥーハ,https://images.microcms-assets.io/assets/5694fd90407444338a64d654e407cc0e/5e8e5c93e7fe4d3eb30b14ffe6581ef0/liver-face_Suha_Min.png.webp?w=200&fm=webp
ソ　ナギ,https://images.microcms-assets.io/assets/5694fd90407444338a64d654e407cc0e/2a11c3b58b16417080e1f408585d4783/liver-face_So_Nagi.png?w=200&fm=webp
明楽レイ,https://images.microcms-assets.io/assets/5694fd90407444338a64d654e407cc0e/353657a3d45540098b20eff2112308be/liver-face_Ray_Akira.png.webp?w=200&fm=webp
イ　ロハ,https://images.microcms-assets.io/assets/5694fd90407444338a64d654e407cc0e/dffa2ffd172a4d969831bd951c037192/liver-face_Roha_Lee.png.webp?w=200&fm=webp
オ　ジユ,https://images.microcms-assets.io/assets/5694fd90407444338a64d654e407cc0e/e738023c6a744910b52baee0f2b4fcb3/liver-face_Jiyu_Oh.png.webp?w=200&fm=webp
ヤン　ナリ,https://images.microcms-assets.io/assets/5694fd90407444338a64d654e407cc0e/aafac3ee207e439aa4a736c230fac310/liver-face_Yang_Nari.png.webp?w=200&fm=webp
リュ　ハリ,https://images.microcms-assets.io/assets/5694fd90407444338a64d654e407cc0e/07ac1f96aa024d99addc251cec709635/liver-face_Hari_Ryu.png.webp?w=200&fm=webp
セフィナ,https://images.microcms-assets.io/assets/5694fd90407444338a64d654e407cc0e/1f25fb2687b34a9b8253539a85cc594c/liver-face_Seffyna.png?w=200&fm=webp
バン　ハダ,https://images.microcms-assets.io/assets/5694fd90407444338a64d654e407cc0e/09470f89f1f242268303140ded1c2812/liver-face_Ban_Hada.png.webp?w=200&fm=webp
ナ　セラ,https://images.microcms-assets.io/assets/5694fd90407444338a64d654e407cc0e/a1edcd08a38947fd97f86cd356ac0d29/liver-face_Na_Sera.png.webp?w=200&fm=webp
ハ　ユン,https://images.microcms-assets.io/assets/5694fd90407444338a64d654e407cc0e/4a89b0fe3c2a42d1912d6f053a766264/liver-face_Ha_Yun.png?w=200&fm=webp